00037F,Apple
001124,Apple
001B63,Apple
001E52,Apple
001EC2,Apple
002332,Apple
002590,Apple
0050AE,Apple
080007,Apple
00F43F,Samsung
001DCD,Samsung
00249B,Samsung
0025E3,Samsung
00E0F9,Samsung
00156D,Huawei
082E5F,Huawei
0C1D92,Huawei
3468DF,Huawei
A004E2,Huawei
F04F7C,Huawei
F41898,Huawei
0018FE,Xiaomi
286C07,Xiaomi
34CFB6,Xiaomi
48D539,Xiaomi
8CE0F7,Xiaomi
90E7C4,Xiaomi
B0A73A,Xiaomi
F01C6B,Xiaomi
30B5C2,TP-Link
50C7BF,TP-Link
60A4D0,TP-Link
64D989,TP-Link
74DA38,TP-Link
84A8E4,TP-Link
98DA92,TP-Link
C0B2DA,TP-Link
D4A6B3,TP-Link
E42F36,TP-Link
F81EDF,TP-Link
001E2A,ASUS
08BE09,ASUS
1CB094,ASUS
60A4B7,ASUS
94D93C,ASUS
A0B302,ASUS
B8BEBF,ASUS
C819F7,ASUS
F80377,ASUS
001499,Netgear
080050,Netgear
284277,Netgear
48022A,Netgear
6C96CF,Netgear
A021B7,Netgear
B04E26,Netgear
D85162,Netgear
000B5F,D-Link
00155D,D-Link
0019E0,D-Link
001E33,D-Link
002304,D-Link
184045,D-Link
1CC0E1,D-Link
1C7EE5,D-Link
001320,Intel
0013E8,Intel
001500,Intel
001BBA,Intel
001F29,Intel
002478,Intel
00269B,Intel
040666,Intel
08002B,Intel
183DA2,Intel
240B0A,Intel
C44B44,Intel
CCD8C2,Intel
000E2E,Realtek
0011C5,Realtek
001B21,Realtek
00243C,Realtek
080038,Realtek
0CD292,Realtek
18E288,Realtek
30858C,Realtek
B0C6CA,Realtek
F0DCE2,Realtek
0001E6,Dell
00144C,Dell
001884,Dell
001A1E,Dell
00215A,Dell
00237B,Dell
00264C,Dell
08006A,Dell
14FEAF,Dell
241658,Dell
5C260A,Dell
B0A733,Dell
F0D5BF,Dell
0001E7,HP
0004EA,HP
0009B5,HP
001635,HP
0017A4,HP
001E12,HP
002128,HP
002264,HP
002511,HP
080009,HP
1C669C,HP
38168D,HP
3C5282,HP
403CFC,HP
5C2C87,HP
70590C,HP
A07316,HP
EC39FA,HP
0015E1,Lenovo
001636,Lenovo
001963,Lenovo
001C41,Lenovo
0020F6,Lenovo
0022EC,Lenovo
00244C,Lenovo
3485A9,Lenovo
3CD0F8,Lenovo
4833DD,Lenovo
5842E4,Lenovo
80C6CE,Lenovo
B0B2DC,Lenovo
C015E2,Lenovo
F0D29B,Lenovo
F81B51,Lenovo
0015C2,Microsoft
000D3A,Microsoft
001DD8,Microsoft
002248,Microsoft
0050F2,Microsoft
18D6C7,Microsoft
28C691,Microsoft
38B12A,Microsoft
58C38B,Microsoft
7C1E52,Microsoft
8C1DAB,Microsoft
B004F3,Microsoft
D4F027,Microsoft
F0D1A9,Microsoft
6C96CF,Netgear
A021B7,Netgear
0026C6,ASUS
00159D,ASUS
00A0C9,Intel
001635,HP
002128,HP
C0255C,Huawei
EC233C,Huawei
A8F6FD,Huawei
4CE6FF,Huawei
A098ED,Huawei
14CCCC,Huawei
186590,Apple
109ADD,Apple
10F311,Cisco
080028,Cisco
1C6F65,Cisco
203706,Cisco
2C543D,Cisco
34563D,Cisco
3C2C30,Cisco
4C004E,Cisco
50F722,Cisco
5C5015,Cisco
64006A,Cisco
6C416A,Cisco
70DCC6,Cisco
7CFE4E,Cisco
8CFA45,Cisco
9810E8,Cisco
A89A71,Cisco
ACF2C5,Cisco
B0685F,Cisco
B4A4E3,Cisco
B88687,Cisco
CCD846,Cisco
D0C282,Cisco
E0899D,Cisco
F04B6A,Cisco
FC5B39,Cisco
FC9904,Cisco
001377,Cisco
00173C,Cisco
001A2F,Cisco
001E14,Cisco
001B54,Cisco
